gender,married,dependents,education,self_employed,applicant_income,coapplicant_income,loan_amount,loan_amount_term,credit_history,property_area
1,1,1,0,0,0.8184243306992668,0.33750345549937666,0.8444530586199045,0.36025597990117436,1.0,0
1,1,0,0,1,-0.44406160245980614,-0.9332745859152131,-1.4688567118450595,0.36025597990117436,1.0,2
1,1,0,1,0,-0.7766305437910338,1.0537908130606506,0.5459614753341027,0.36025597990117436,1.0,2
1,0,0,0,0,1.9485207092756447,-0.9332745859152131,1.3295018814593325,0.36025597990117436,1.0,2
1,1,0,1,0,-0.9760124031023214,0.34424498357054156,-0.386824722434028,0.36025597990117436,1.0,2
1,1,2,0,0,-0.28455611501077605,-0.3433908796882815,-1.3196109202021586,0.36025597990117436,1.0,2
1,1,2,0,0,-0.8428253210823813,0.6172768704527213,0.13553554831612516,0.36025597990117436,1.0,2
1,0,0,0,0,-1.3588255729799934,1.459967879348338,0.3220927878697513,0.36025597990117436,1.0,0
1,1,2,0,0,-1.3923217253442899,-0.01811215025457353,-2.215085670059564,-2.933924700315161,1.0,2
1,0,0,0,0,1.111116900168237,-0.9332745859152131,0.7325187148877288,0.36025597990117436,1.0,2
1,0,1,1,0,0.03126475013830347,-0.9332745859152131,-0.20026748288040186,-1.8358644735763827,1.0,2
0,0,0,0,0,-0.037322609464779465,-0.9332745859152131,-1.0957422327378072,0.36025597990117436,0.0,2
1,1,0,1,0,1.0608726716217924,-0.9332745859152131,1.0310102981735305,0.36025597990117436,1.0,0
1,1,0,0,0,-0.7630725773578663,2.0161439452194445,0.35940423578047653,0.36025597990117436,1.0,2
1,1,0,1,0,2.433417391120696,-0.9332745859152131,-0.051021691237500964,0.36025597990117436,0.0,2
1,1,0,1,0,-0.7630725773578663,0.6771079320843101,0.39671568369120175,0.36025597990117436,0.0,1
1,1,2,1,0,-0.15296408786532625,0.6821640781376838,0.24746989204830083,0.36025597990117436,0.0,0
1,1,0,0,0,-0.6043646173460814,0.965308257126611,0.6205843711555531,0.36025597990117436,1.0,1
1,1,2,1,0,0.5337070356027481,-0.05687593666377189,0.1728469962268504,0.36025597990117436,1.0,2
1,0,0,1,0,-1.3923217253442899,-0.9332745859152131,-2.215085670059564,0.36025597990117436,1.0,2
0,0,2,0,0,0.1540839754740566,0.8220507856143562,0.5459614753341027,0.36025597990117436,1.0,1
1,0,0,0,0,-0.310874520439866,-0.9332745859152131,-1.1703651285592578,0.36025597990117436,1.0,2
1,0,1,0,1,0.9053548213589881,-0.9332745859152131,0.02360120458394949,0.36025597990117436,1.0,0
1,1,0,0,0,-0.04529788383723096,0.4714913259137797,0.3220927878697513,0.36025597990117436,1.0,1
1,1,0,0,0,-1.3787637589111224,0.1875044559159569,-0.20026748288040186,0.36025597990117436,0.0,2
0,1,0,0,0,0.08788919818270914,0.29621159606349146,1.441436225191508,0.36025597990117436,1.0,1
1,0,0,1,0,0.1524889205995663,0.4723340169226753,0.1728469962268504,0.36025597990117436,1.0,1
1,0,0,0,0,0.03445485988728406,-0.9332745859152131,-0.9464964410949064,0.36025597990117436,1.0,2
1,0,0,0,0,-1.3923217253442899,0.08890960787516977,-2.1777742221488388,0.36025597990117436,1.0,2
1,1,0,0,0,-0.9225780648068963,-0.9332745859152131,-1.1330536806485325,0.36025597990117436,1.0,2
1,1,0,0,0,0.3064117159878803,1.0352516108649472,1.0683217460842558,0.36025597990117436,1.0,1
1,1,0,1,1,0.9077474036707236,-0.9332745859152131,-0.3495132745233028,0.36025597990117436,1.0,2
0,0,0,0,0,-0.11707535318929449,-0.9332745859152131,-0.6480048578091046,0.36025597990117436,1.0,2
1,1,1,0,0,1.6685885788025971,-0.9332745859152131,-2.215085670059564,0.36025597990117436,1.0,2
1,1,0,0,0,1.8057632980087628,-0.9332745859152131,1.441436225191508,0.36025597990117436,1.0,2
0,1,0,0,0,-0.7271838426818344,1.9655824846857077,0.5459614753341027,0.36025597990117436,0.0,2
0,0,0,0,0,0.3534658347853442,0.9838474593223145,1.441436225191508,0.36025597990117436,1.0,1
0,1,0,1,0,-1.2990110151866072,0.45210943270918047,-0.20026748288040186,0.36025597990117436,1.0,1
0,0,0,0,0,-0.3754742428567232,-0.9332745859152131,0.5459614753341027,0.36025597990117436,1.0,1
0,0,0,0,0,0.5368971453517287,-0.9332745859152131,0.24746989204830083,0.36025597990117436,1.0,1
1,1,2,0,0,0.8447427361283568,-0.9332745859152131,1.0683217460842558,0.36025597990117436,1.0,2
1,1,2,0,0,-0.67693961413539,0.05014582146597141,-0.31220182661257756,0.36025597990117436,1.0,1
1,1,0,0,0,-1.1363154179885966,0.4074468092377128,-0.3495132745233028,0.36025597990117436,1.0,1
1,1,0,0,0,-0.1521665604280811,0.9206456336551433,1.105633193994981,0.36025597990117436,1.0,0
1,1,2,1,0,-0.15934430736328745,1.4759790085173545,1.441436225191508,0.36025597990117436,1.0,2
1,1,0,0,0,-0.8428253210823813,2.1703563998473427,0.5459614753341027,0.36025597990117436,1.0,2
1,1,3,0,0,-0.42093330677969676,-0.9332745859152131,-0.2375789307911271,0.36025597990117436,1.0,2
0,0,0,0,0,0.4858553893680391,-0.9332745859152131,0.39671568369120175,0.36025597990117436,0.0,1
1,0,0,1,0,-0.28455611501077605,0.9661509481355065,0.769830162798454,-2.933924700315161,0.0,2
1,1,3,1,1,2.433417391120696,-0.9332745859152131,0.7325187148877288,-2.933924700315161,1.0,2
0,0,0,0,0,0.5927240659588893,-0.9332745859152131,1.1429446419057063,0.36025597990117436,0.0,1
1,1,2,1,1,-1.3412799693606001,0.6467710557640679,-0.31220182661257756,0.36025597990117436,1.0,1
1,0,0,0,0,-0.04529788383723096,-0.9332745859152131,-0.9091849931841811,-0.7378042468376043,1.0,1
1,1,3,1,0,0.9555990499054327,-0.9332745859152131,-0.386824722434028,0.36025597990117436,0.0,1
1,0,0,0,0,0.1540839754740566,-0.9332745859152131,0.28478133995902605,0.36025597990117436,1.0,2
1,1,1,0,1,-1.3923217253442899,1.61333764296734,0.1728469962268504,0.36025597990117436,1.0,2
1,1,3,1,1,-0.17848496585717105,0.8919941393526923,0.9190759544413549,0.36025597990117436,1.0,1
0,0,0,0,0,0.23064660944959103,-0.9332745859152131,0.21015844413757562,0.36025597990117436,1.0,1
1,1,1,0,0,0.34389550553840237,-0.9332745859152131,-2.0658398784166634,-1.8358644735763827,1.0,2
1,0,0,0,0,-0.9496939976732314,1.1995763575995924,1.1429446419057063,0.36025597990117436,1.0,1
1,1,2,1,0,-0.17848496585717105,0.7521074318760199,-0.2375789307911271,0.36025597990117436,1.0,1
1,1,0,0,0,-0.8428253210823813,0.8515449709257027,-0.051021691237500964,0.36025597990117436,1.0,1
1,1,0,0,0,-0.47755775482410245,1.5105293398820747,0.9563874023520801,0.36025597990117436,1.0,1
1,1,2,1,0,-0.22633661209188008,0.600423050274809,-0.9091849931841811,0.36025597990117436,1.0,2
1,0,0,0,0,0.45953698393894915,-0.9332745859152131,0.6205843711555531,0.36025597990117436,1.0,1
1,0,0,1,0,0.05040540863218707,-0.9332745859152131,-2.215085670059564,-2.933924700315161,1.0,1
0,1,0,0,0,-0.8555857600783037,1.006600116562496,1.1802560898164316,0.36025597990117436,1.0,1
1,1,0,0,0,-1.259932170761595,-0.0931116500462834,-2.0658398784166634,0.36025597990117436,1.0,1
1,1,0,1,0,0.5034009929874325,-0.9332745859152131,0.35940423578047653,-2.933924700315161,1.0,1
1,1,0,0,0,-1.3923217253442899,2.050694276584165,0.9563874023520801,0.36025597990117436,1.0,1
1,1,2,1,0,0.5831537367119475,1.8164261761111835,1.0310102981735305,-2.933924700315161,1.0,2
1,1,1,0,0,-0.4025901757230583,-0.06530284675272806,-0.20026748288040186,0.36025597990117436,1.0,2
1,0,0,1,0,2.433417391120696,-0.9332745859152131,0.5459614753341027,0.36025597990117436,1.0,0
1,1,3,1,0,-1.1849645916605507,-0.2978855652079182,-0.4241361703447532,0.36025597990117436,1.0,1
1,0,0,0,0,1.403011942199962,-0.9332745859152131,1.1429446419057063,0.36025597990117436,1.0,2
0,1,0,0,0,-0.5006860505042118,1.0327235378382602,1.254878985637882,0.36025597990117436,1.0,1
1,0,0,0,0,1.190869643892752,-0.9332745859152131,0.4713385795126522,0.36025597990117436,1.0,1
1,1,1,0,0,-1.0709181681344941,0.2448074445208588,-0.7599392015412803,0.36025597990117436,1.0,2
0,0,0,0,0,0.4858553893680391,-0.9332745859152131,-2.215085670059564,0.36025597990117436,1.0,1
0,0,0,0,0,-1.1323277808023708,2.1703563998473427,1.1802560898164316,0.36025597990117436,0.0,1
1,1,2,0,0,-0.4783552822613476,-0.9332745859152131,-0.9091849931841811,0.36025597990117436,1.0,1
0,0,0,0,0,0.1078273841138379,-0.9332745859152131,-0.4614476182554785,0.36025597990117436,1.0,0
1,0,0,0,0,-1.2304236555835244,0.6922763702444312,-1.1703651285592578,0.36025597990117436,1.0,2
1,0,0,0,0,-0.6689643397629385,-0.9332745859152131,-1.3196109202021586,0.36025597990117436,1.0,1
1,1,0,0,1,-0.07799650876428213,-0.9332745859152131,-2.215085670059564,-2.933924700315161,1.0,1
1,0,0,0,0,1.0672528911197536,-0.9332745859152131,-0.12564458705895143,0.36025597990117436,1.0,1
0,1,0,0,0,0.8184243306992668,-0.9332745859152131,-0.7972506494520055,0.36025597990117436,1.0,0
1,1,2,0,1,-0.1920429322903386,2.0161439452194445,-0.6480048578091046,0.36025597990117436,1.0,2
1,1,2,1,0,0.5129713222343742,0.27177355680551857,0.8817645065306297,0.36025597990117436,1.0,0
1,1,0,0,0,-0.6849148885078415,0.7807589261784709,0.6205843711555531,0.36025597990117436,1.0,1
0,1,0,0,0,-0.9784049854140568,2.1703563998473427,-0.20026748288040186,0.36025597990117436,1.0,1
1,1,1,0,0,-1.3923217253442899,0.26756010176104045,-2.215085670059564,0.36025597990117436,1.0,2
1,1,0,0,0,1.0393394308161734,-0.23384104853185136,0.7325187148877288,0.36025597990117436,1.0,1
1,0,0,0,0,2.169435809392551,-0.9332745859152131,0.4713385795126522,0.36025597990117436,0.0,0
1,1,2,1,0,-1.0174838298390692,-0.9332745859152131,0.28478133995902605,0.36025597990117436,1.0,0
1,0,0,0,0,-0.24148963339953794,-0.9332745859152131,-2.0658398784166634,0.36025597990117436,1.0,2
1,0,0,0,0,-0.4600121512047091,0.8220507856143562,0.5459614753341027,0.36025597990117436,1.0,0
1,1,0,1,0,-1.350850298607542,-0.056033245654876274,-0.27489037870185234,0.36025597990117436,1.0,1
1,1,1,0,0,-0.37308166054498776,0.14536990547117606,0.5832729232448278,0.36025597990117436,0.0,1
1,1,0,0,0,2.433417391120696,-0.9332745859152131,-1.1330536806485325,-2.933924700315161,1.0,2
0,1,0,0,0,0.8184243306992668,-0.9332745859152131,0.24746989204830083,0.36025597990117436,1.0,0
1,1,0,0,0,-0.8914744947543355,1.8754145467338768,0.8817645065306297,0.36025597990117436,1.0,0
1,0,0,0,0,-1.0525750370778557,-0.9332745859152131,-1.5807910555772353,0.36025597990117436,0.0,1
1,1,0,1,0,-1.3851439784090835,0.5574458088211326,-0.386824722434028,0.36025597990117436,1.0,0
1,1,3,1,0,-0.02775228021783766,-0.9332745859152131,-0.9091849931841811,-2.933924700315161,1.0,0
1,1,0,1,1,0.6278152731976759,-0.3130540033680393,-0.6853163057198298,0.36025597990117436,1.0,1
1,1,0,0,0,-0.047690466148966416,0.7217705555557777,0.39671568369120175,0.36025597990117436,1.0,0
1,1,2,0,0,-1.2057003050289246,0.4310421574867901,-0.16295603496967664,0.36025597990117436,1.0,0
1,1,1,0,0,0.1540839754740566,-0.9332745859152131,0.39671568369120175,0.36025597990117436,1.0,1
1,0,0,1,0,-0.9760124031023214,0.2894700679923265,-0.12564458705895143,0.36025597990117436,0.0,2
1,0,0,0,0,-1.308581344433549,2.1703563998473427,-1.4315452639343342,0.36025597990117436,1.0,0
1,1,0,0,0,0.8319822971324343,-0.9332745859152131,-1.207676576469983,-2.933924700315161,1.0,1
0,1,0,0,0,0.054393045818412825,-0.9332745859152131,0.09822410040539994,0.36025597990117436,1.0,1
1,1,1,0,1,-1.0996291558753197,-0.9332745859152131,-1.4688567118450595,-0.7378042468376043,0.0,0
1,1,0,0,0,-0.9361360312400638,0.8683987911036151,-1.7673482951308614,0.36025597990117436,1.0,0
1,0,0,1,0,1.0592776167473021,-0.9332745859152131,-2.1404627742381135,0.36025597990117436,1.0,0
1,0,0,0,0,0.24021693869653285,-0.9332745859152131,-1.0957422327378072,0.36025597990117436,1.0,1
1,0,0,0,0,0.5057935752991679,-0.9332745859152131,0.5459614753341027,0.36025597990117436,1.0,0
0,0,0,1,0,-1.3157590913687554,1.05968965012292,0.5459614753341027,0.36025597990117436,1.0,2
0,1,0,0,0,-0.1122901885658236,1.439743295134843,0.28478133995902605,0.36025597990117436,1.0,1
1,1,1,1,0,-0.7630725773578663,1.1734529363238282,-0.5733819619876541,0.36025597990117436,1.0,1
1,1,1,1,0,-0.04529788383723096,-0.02064022328126038,1.105633193994981,0.36025597990117436,1.0,2
1,1,2,1,0,0.28727105749399673,-0.9332745859152131,0.6952072669770035,0.36025597990117436,1.0,1
0,0,0,1,0,0.6788570291813655,-0.9332745859152131,0.5459614753341027,0.36025597990117436,1.0,1
0,0,0,0,0,-0.24946490777198943,-0.9332745859152131,-0.9464964410949064,0.36025597990117436,1.0,2
1,0,0,1,0,0.33352764885421543,1.1995763575995924,-1.879282638863037,0.36025597990117436,1.0,0
1,0,0,0,0,-0.8595733972645294,-0.9332745859152131,-1.7300368472201362,0.36025597990117436,1.0,2
1,0,0,0,0,-0.11069513369133328,-0.9332745859152131,0.8071416107091792,0.36025597990117436,1.0,1
1,1,3,0,0,-0.10112480444439148,0.12008917520430758,0.8444530586199045,0.36025597990117436,0.0,1
1,1,3,1,1,1.7116550604138352,-0.9332745859152131,0.9190759544413549,0.36025597990117436,1.0,0
1,1,0,0,0,-0.3060893558163951,1.6124949519584444,1.1802560898164316,0.36025597990117436,1.0,2
1,1,3,1,0,0.23383671919857163,-0.10490932417082204,-0.20026748288040186,0.36025597990117436,1.0,1
1,1,0,0,0,-1.3923217253442899,0.5835692300968967,1.105633193994981,0.36025597990117436,1.0,0
1,1,0,0,0,0.13574084441741815,0.5625019548745063,0.9563874023520801,0.36025597990117436,1.0,1
1,1,2,0,0,1.1509932720304945,-0.9332745859152131,-1.244988024380708,0.36025597990117436,0.0,1
0,1,2,0,0,0.5791660995257217,1.0748580882830412,0.8071416107091792,0.36025597990117436,1.0,1
1,1,0,0,0,-1.065335476073778,-0.9332745859152131,-1.692725399309411,0.36025597990117436,0.0,2
1,1,2,0,0,0.36064358172055055,0.5136258763585605,0.39671568369120175,0.36025597990117436,1.0,1
1,0,0,0,0,-0.46718989813991546,1.4186760199124526,1.441436225191508,0.36025597990117436,1.0,1
1,1,0,0,0,2.1479025685869324,-0.9332745859152131,0.8444530586199045,0.36025597990117436,1.0,1
1,1,0,1,1,0.9396485011605297,-0.9332745859152131,1.2175675377271566,0.36025597990117436,1.0,2
1,1,1,0,0,-0.8500030680175876,0.7976127463563832,-0.051021691237500964,0.36025597990117436,1.0,1
1,1,0,0,0,0.1269680426077215,-0.9332745859152131,-2.215085670059564,-2.933924700315161,1.0,0
1,0,0,1,0,-0.2933289168204727,1.2560366551955986,0.5459614753341027,0.36025597990117436,1.0,0
1,1,1,0,0,-0.3204448496868078,0.5658727189100887,1.2921904335486072,0.36025597990117436,1.0,1
0,0,0,0,1,-0.07480639901530152,-0.9332745859152131,0.6205843711555531,0.36025597990117436,1.0,2
0,0,1,0,0,0.20353067658325594,-0.9332745859152131,0.24746989204830083,0.36025597990117436,1.0,0
1,1,1,0,0,-0.19284045972758376,-0.9332745859152131,-0.3495132745233028,0.36025597990117436,1.0,1
1,1,2,0,0,1.8041682431342725,2.1703563998473427,0.5459614753341027,0.36025597990117436,1.0,0
1,1,1,1,0,-0.8348500467099298,0.7377816847247944,1.2921904335486072,-2.933924700315161,1.0,2
1,1,2,0,1,2.1479025685869324,0.1622237256490884,0.09822410040539994,0.36025597990117436,1.0,0
1,1,0,1,0,-0.12026546293827509,2.1703563998473427,0.6578958190662784,0.36025597990117436,1.0,1
1,0,0,0,1,1.9883970811379024,2.1703563998473427,0.5459614753341027,-2.933924700315161,1.0,2
1,1,2,0,0,2.433417391120696,-0.9332745859152131,0.24746989204830083,0.36025597990117436,1.0,2
1,1,1,1,0,2.433417391120696,-0.9332745859152131,1.1802560898164316,-2.933924700315161,1.0,2
1,1,1,0,0,-0.5381698400547339,0.6198049434794082,0.6578958190662784,0.36025597990117436,1.0,1
1,1,0,0,0,-1.3923217253442899,0.6408722187017986,-0.5733819619876541,0.36025597990117436,1.0,2
0,0,2,0,0,-0.10351738675612694,-0.9332745859152131,1.2175675377271566,0.36025597990117436,1.0,2
1,0,0,1,1,-0.7766305437910338,0.8928368303615879,-0.051021691237500964,0.36025597990117436,1.0,0
1,0,0,1,0,1.9844094439516766,-0.9332745859152131,0.35940423578047653,0.36025597990117436,0.0,0
1,1,3,0,0,1.350375131341782,-0.9332745859152131,-0.4241361703447532,0.36025597990117436,1.0,2
1,1,3,1,0,1.0959638788605792,-0.9332745859152131,0.8444530586199045,0.36025597990117436,1.0,1
1,0,0,0,0,-1.1937373934702473,0.9282298527352039,1.0683217460842558,0.36025597990117436,1.0,1
0,0,0,0,0,2.433417391120696,-0.9332745859152131,0.5459614753341027,0.36025597990117436,1.0,0
1,0,0,0,1,1.2833828266131895,-0.9332745859152131,0.8444530586199045,0.36025597990117436,1.0,1
1,1,2,0,0,0.9181152603549106,0.23553784342300704,1.441436225191508,0.36025597990117436,1.0,1
0,0,0,0,0,-0.11069513369133328,-0.9332745859152131,1.105633193994981,0.36025597990117436,1.0,0
0,0,1,0,0,-0.5429550046782048,0.3813233879619487,-0.5733819619876541,0.36025597990117436,1.0,2
0,0,0,0,0,-0.2550475998327055,-0.9332745859152131,-2.215085670059564,0.36025597990117436,1.0,2
1,0,0,0,0,-0.5772486844797462,0.6316026176039468,0.769830162798454,0.36025597990117436,1.0,0
1,1,0,0,0,-0.7471220286129633,0.9400275268597424,1.441436225191508,0.36025597990117436,1.0,1
1,1,2,0,0,0.27371309106082914,-0.9332745859152131,-0.5733819619876541,0.36025597990117436,1.0,1
1,1,1,0,0,-0.6434434617710937,0.6189622524705125,0.35940423578047653,0.36025597990117436,1.0,1
1,1,0,0,0,-0.3619162764235556,0.1622237256490884,-0.9464964410949064,0.36025597990117436,1.0,2
0,1,0,1,0,0.43321857850985923,-0.9332745859152131,0.6952072669770035,0.36025597990117436,1.0,0
1,1,0,0,0,0.2952463318664482,-0.25912177879871984,0.24746989204830083,0.36025597990117436,1.0,1
1,1,2,0,0,-1.0015332810941662,-0.10254979962674476,-1.021119336916357,-2.933924700315161,1.0,2
0,0,0,0,0,-1.3923217253442899,0.47064863490488407,-1.9165940867737623,0.36025597990117436,1.0,2
1,0,0,0,0,-0.31805226737507236,1.6394610642431042,-0.6106934098983794,0.36025597990117436,1.0,0
0,0,0,0,1,-0.7630725773578663,0.5136258763585605,-0.2375789307911271,-0.7378042468376043,1.0,1
1,1,0,0,0,0.1173977133607797,0.7521074318760199,0.5459614753341027,0.36025597990117436,1.0,0
0,0,0,0,0,0.4523592370037428,-0.9332745859152131,0.35940423578047653,0.36025597990117436,1.0,1
1,1,0,0,0,-0.38424704466641985,1.1026668915765965,1.254878985637882,0.36025597990117436,1.0,0
1,1,2,0,0,0.6724768096834043,-0.9332745859152131,0.8071416107091792,0.36025597990117436,0.0,1
1,1,2,0,0,-0.3220399045612981,0.3813233879619487,1.0683217460842558,0.36025597990117436,1.0,2
0,0,0,0,0,1.4835622133617221,-0.9332745859152131,1.4041247772807828,0.36025597990117436,0.0,2
1,1,3,0,0,0.6852372486793267,0.12008917520430758,0.1728469962268504,0.36025597990117436,1.0,2
0,1,1,0,0,0.8846191079906143,-0.9332745859152131,1.105633193994981,0.36025597990117436,1.0,2
1,1,1,0,0,-1.2304236555835244,1.5315966151044653,0.28478133995902605,0.36025597990117436,1.0,2
1,1,0,1,0,-1.3923217253442899,1.539180834184526,-0.4614476182554785,0.36025597990117436,0.0,2
1,1,0,1,0,-0.5437525321154499,0.5414346796521158,-0.013710243326775737,0.36025597990117436,1.0,1
0,0,0,0,0,1.1509932720304945,-0.9332745859152131,0.9936988502628054,0.36025597990117436,1.0,0
1,1,1,0,0,-1.3923217253442899,0.5860973031235835,-0.3495132745233028,0.36025597990117436,1.0,2
1,0,0,0,0,0.3534658347853442,1.1734529363238282,1.2921904335486072,0.36025597990117436,1.0,0
0,0,0,0,0,0.16365430472099843,0.47064863490488407,1.105633193994981,0.36025597990117436,1.0,0
0,0,0,0,0,-0.9225780648068963,0.6366587636573205,-0.051021691237500964,0.36025597990117436,0.0,2
0,0,0,0,0,-0.5102563797511536,-0.9332745859152131,-0.7972506494520055,0.36025597990117436,1.0,1
1,0,0,1,0,-0.5022811053787021,1.0933972904787446,0.21015844413757562,0.36025597990117436,1.0,1
0,0,0,0,0,-0.8372426290216652,-0.9332745859152131,-1.8419711909523118,0.36025597990117436,1.0,0
1,1,2,0,1,1.7459487402153766,-0.9332745859152131,1.441436225191508,-2.933924700315161,1.0,0
1,1,1,1,0,-0.12584815499899116,0.448738668673598,0.21015844413757562,-2.933924700315161,1.0,2
1,1,2,0,0,0.12776557004496666,-0.9332745859152131,0.5459614753341027,0.36025597990117436,1.0,1
1,1,0,0,0,-1.1953324483447376,0.8650280270680326,-0.6480048578091046,0.36025597990117436,1.0,2
0,0,1,0,0,-0.012599258910179802,-0.9332745859152131,0.24746989204830083,0.36025597990117436,1.0,1
1,1,0,0,0,-0.9225780648068963,0.8928368303615879,0.35940423578047653,0.36025597990117436,1.0,1
1,1,3,0,0,0.6262202183231856,-0.7740059852339415,0.6952072669770035,0.36025597990117436,1.0,1
0,0,0,0,0,-0.31167204787711117,1.5821580756382023,0.9936988502628054,0.36025597990117436,1.0,0
1,0,0,0,0,1.084798494739147,-0.9332745859152131,0.9190759544413549,0.36025597990117436,0.0,0
0,1,0,0,0,0.6190424713879792,1.132161076887943,0.1728469962268504,0.36025597990117436,1.0,2
0,0,0,0,0,-0.8428253210823813,-0.9332745859152131,-1.4315452639343342,0.36025597990117436,1.0,2
1,0,1,0,0,0.6597163706874819,0.5776703930346273,0.43402713160192696,0.36025597990117436,1.0,2
1,0,0,0,0,-0.4959008858807409,-0.9332745859152131,-0.27489037870185234,0.36025597990117436,1.0,1
1,0,0,0,0,-0.5772486844797462,-0.9332745859152131,-1.2822994722914334,0.36025597990117436,1.0,2
1,1,0,0,1,1.5521495729648052,2.1703563998473427,-1.3196109202021586,0.36025597990117436,1.0,1
0,0,0,0,0,0.48107022474456823,-0.9332745859152131,-1.2822994722914334,0.36025597990117436,1.0,1
0,0,0,0,0,-0.9401236684262896,-0.9332745859152131,-2.215085670059564,0.36025597990117436,1.0,0
1,1,3,1,0,-0.3060893558163951,-0.9332745859152131,-1.1703651285592578,0.36025597990117436,1.0,1
1,1,2,0,0,-0.7766305437910338,1.0301954648115734,0.7325187148877288,0.36025597990117436,1.0,0
1,1,2,1,0,-0.37786682516845865,0.8936795213704836,0.769830162798454,0.36025597990117436,1.0,2
1,1,3,0,0,-0.7104357664996863,0.8220507856143562,-0.386824722434028,0.36025597990117436,1.0,0
0,1,0,0,1,1.5497569906530697,-0.9332745859152131,-0.013710243326775737,0.36025597990117436,0.0,0
0,1,0,0,0,-0.9042349337502579,-0.5077156264229267,0.9190759544413549,0.36025597990117436,1.0,1
0,0,0,0,0,0.2043282040205011,-0.9332745859152131,0.39671568369120175,-2.933924700315161,1.0,2
1,1,1,0,0,0.2537749051297004,-0.9332745859152131,-1.4315452639343342,0.36025597990117436,1.0,2
1,1,0,1,0,-0.44406160245980614,0.47064863490488407,-0.20026748288040186,0.36025597990117436,0.0,2
0,0,1,0,0,0.9300781719135879,-0.9332745859152131,-0.9091849931841811,0.36025597990117436,1.0,1
1,1,0,0,0,0.9516114127192069,1.0327235378382602,0.9190759544413549,0.36025597990117436,1.0,2
1,1,0,0,0,-0.43369374577561914,1.6226072440651917,-0.386824722434028,-0.7378042468376043,1.0,2
1,0,0,0,1,2.433417391120696,-0.9332745859152131,1.3295018814593325,0.36025597990117436,1.0,0
1,0,0,1,0,2.1207866357205973,-0.9332745859152131,1.0310102981735305,0.36025597990117436,1.0,0
1,0,0,0,0,-0.8428253210823813,-0.9332745859152131,-0.3495132745233028,0.36025597990117436,1.0,1
1,0,0,0,0,1.2498866742488932,-0.9332745859152131,0.6952072669770035,0.36025597990117436,0.0,0
1,0,1,0,0,-0.3946149013506068,0.7411524487603769,0.21015844413757562,-2.933924700315161,0.0,2
0,0,0,0,0,-0.6322780776496616,0.29621159606349146,0.1728469962268504,0.36025597990117436,1.0,2
1,1,0,0,0,1.005045751014632,-0.15547078470455902,0.5459614753341027,-2.933924700315161,1.0,2
1,1,3,0,0,2.433417391120696,2.1703563998473427,0.9190759544413549,0.36025597990117436,1.0,0
1,1,0,0,0,0.6006993403313408,-0.9332745859152131,0.9190759544413549,0.36025597990117436,1.0,1
1,0,0,0,0,-0.38903220928989074,-0.9332745859152131,-1.2822994722914334,0.36025597990117436,1.0,2
1,1,2,0,0,1.4628264999933482,-0.9332745859152131,0.9190759544413549,0.36025597990117436,1.0,2
1,1,0,0,0,-0.17848496585717105,1.1734529363238282,0.8444530586199045,0.36025597990117436,1.0,1
1,0,0,0,1,2.433417391120696,-0.9332745859152131,0.8444530586199045,0.36025597990117436,1.0,2
1,1,2,0,0,0.8048663642660993,-0.9332745859152131,-0.20026748288040186,0.36025597990117436,1.0,2
1,0,1,0,0,0.08788919818270914,-0.9332745859152131,0.28478133995902605,-2.933924700315161,1.0,2
1,0,0,1,0,-0.9656445464181345,0.41503102831777333,0.9936988502628054,0.36025597990117436,1.0,1
1,1,0,0,0,-0.9760124031023214,1.1035095825854921,1.1429446419057063,0.36025597990117436,1.0,2
1,1,0,0,0,1.540186661406128,-0.9332745859152131,0.7325187148877288,0.36025597990117436,1.0,0
1,1,0,0,0,-0.7766305437910338,0.8490168978990159,0.5459614753341027,0.36025597990117436,1.0,2
1,1,2,1,0,-1.2471717317656725,0.43609830354016377,0.28478133995902605,-2.933924700315161,1.0,1
1,1,2,0,0,-0.36430885873529106,0.24649282653865007,0.28478133995902605,0.36025597990117436,1.0,2
1,1,2,0,0,-0.22394402978014463,-0.5254121376097347,1.105633193994981,0.36025597990117436,1.0,1
0,0,0,0,0,-0.3005066637556791,-0.9332745859152131,-1.2822994722914334,0.36025597990117436,0.0,2
1,1,0,0,0,-0.41774319703071616,0.29621159606349146,-0.386824722434028,0.36025597990117436,1.0,2
1,0,0,1,0,0.27530814593531944,0.47064863490488407,0.13553554831612516,0.36025597990117436,1.0,0
0,0,0,0,0,-1.3923217253442899,0.5835692300968967,-0.08833313914822619,0.36025597990117436,0.0,1
1,1,2,1,0,-0.5325871479940179,-0.9332745859152131,-2.215085670059564,-2.933924700315161,0.0,2
1,0,0,1,0,-0.6394558245848679,-0.9332745859152131,-1.5061681597557848,-0.7378042468376043,1.0,0
1,0,0,0,0,-0.8428253210823813,2.1703563998473427,-0.08833313914822619,0.36025597990117436,1.0,1
0,0,0,1,0,-1.271097554883027,-0.9332745859152131,-1.9539055346844876,0.36025597990117436,1.0,1
0,0,0,0,0,0.7897133429584414,-0.9332745859152131,0.35940423578047653,0.36025597990117436,1.0,1
1,1,0,1,0,-1.1084019576850164,1.0891838354342667,0.35940423578047653,0.36025597990117436,1.0,2
0,0,0,1,0,-1.0717156955717395,-0.9332745859152131,-1.4688567118450595,0.36025597990117436,1.0,0
0,0,1,1,1,0.2473946856317392,-0.9332745859152131,-1.6181025034879604,0.36025597990117436,1.0,1
1,1,0,1,0,-1.0398145980819333,0.7799162351695753,0.1728469962268504,0.36025597990117436,1.0,0
0,0,0,0,0,-0.4480492396460319,-0.9332745859152131,-1.692725399309411,0.36025597990117436,1.0,2
1,1,0,0,0,-1.3923217253442899,1.4035075817523315,0.24746989204830083,0.36025597990117436,1.0,0
1,1,0,0,0,-0.24786985289749913,0.26081857368987554,1.2175675377271566,0.36025597990117436,1.0,1
1,1,0,0,0,1.812143517506724,-0.9332745859152131,1.2175675377271566,0.36025597990117436,1.0,0
0,0,0,1,0,-0.6673692848884482,-0.9332745859152131,-0.9464964410949064,0.36025597990117436,0.0,2
1,1,0,0,0,-1.3851439784090835,0.5153112583763517,-0.20026748288040186,0.36025597990117436,1.0,2
1,1,1,0,0,2.433417391120696,0.4714913259137797,0.1728469962268504,0.36025597990117436,0.0,2
1,1,0,0,0,-0.7104357664996863,2.1703563998473427,0.5832729232448278,0.36025597990117436,1.0,0
0,0,1,1,0,0.8367674617559052,-0.9332745859152131,-0.9091849931841811,0.36025597990117436,1.0,0
1,1,2,0,0,1.89668142585471,-0.9332745859152131,1.0310102981735305,0.36025597990117436,1.0,1
1,1,0,0,0,-0.5078637974394181,-0.9196904061439551,-0.6853163057198298,0.36025597990117436,1.0,0
1,0,0,1,0,-0.6697618672001836,-0.9332745859152131,-1.692725399309411,-2.933924700315161,1.0,2
0,0,1,0,1,2.433417391120696,-0.9332745859152131,1.441436225191508,0.36025597990117436,1.0,1
1,0,0,0,0,2.34728442789822,-0.9332745859152131,-0.013710243326775737,0.36025597990117436,0.0,0
1,1,0,0,0,-0.9026398788757676,1.0386223749005297,1.4041247772807828,0.36025597990117436,1.0,1
1,0,0,0,0,0.1540839754740566,-0.9332745859152131,-0.20026748288040186,0.36025597990117436,1.0,2
1,0,0,0,0,-1.3006060700610975,0.6265464715505731,-2.0658398784166634,0.36025597990117436,1.0,1
0,1,0,1,1,2.433417391120696,-0.9332745859152131,1.2175675377271566,0.36025597990117436,1.0,0
1,0,3,1,0,0.9173177329176655,0.7462085948137507,1.441436225191508,0.36025597990117436,1.0,1
1,1,1,0,1,-0.07241381670356607,0.08638153484848292,0.9190759544413549,0.36025597990117436,1.0,0
1,1,2,1,0,0.8734537238691822,-0.9332745859152131,0.1728469962268504,0.36025597990117436,1.0,0
1,1,0,0,0,-0.014194313784670103,0.22626824232515524,-1.879282638863037,0.36025597990117436,1.0,0
1,1,2,0,0,-0.172902273796455,0.5077270392962911,1.441436225191508,0.36025597990117436,0.0,0
1,1,2,1,0,-0.995153061596205,0.12430263024878566,0.7325187148877288,0.36025597990117436,0.0,0
1,1,2,1,0,-1.2750851920692527,0.29368352303680456,-1.692725399309411,-0.7378042468376043,1.0,2
1,1,0,0,0,0.31199440804859635,0.5271089325008903,1.441436225191508,0.36025597990117436,0.0,0
1,1,0,0,0,-0.8563832875155488,1.1448014420213772,-0.5733819619876541,-2.933924700315161,0.0,0
1,0,0,0,1,2.433417391120696,-0.9332745859152131,-0.7972506494520055,0.36025597990117436,1.0,1
1,1,2,0,0,0.241014466133778,-0.9332745859152131,-0.3495132745233028,0.36025597990117436,1.0,1
1,1,0,0,0,0.5935215933961344,-0.9332745859152131,0.4713385795126522,0.36025597990117436,1.0,2
1,0,2,0,0,0.6357905475701274,-0.9332745859152131,1.1429446419057063,0.36025597990117436,1.0,0
1,1,3,0,0,2.433417391120696,-0.9332745859152131,0.8444530586199045,-2.933924700315161,1.0,2
0,0,1,1,0,1.3033210125443182,-0.9332745859152131,0.9936988502628054,0.36025597990117436,1.0,1
1,0,0,0,0,0.4858553893680391,-0.9332745859152131,-0.27489037870185234,0.36025597990117436,0.0,1
1,0,0,0,0,1.9485207092756447,-0.9332745859152131,1.2921904335486072,0.36025597990117436,1.0,0
1,1,3,1,0,-0.4863305566337991,0.46896325288709284,-1.3196109202021586,-2.933924700315161,0.0,2
0,1,2,1,0,-1.3923217253442899,1.5248550870333002,-0.27489037870185234,0.36025597990117436,1.0,1
1,1,0,0,0,0.6190424713879792,1.132161076887943,0.1728469962268504,0.36025597990117436,1.0,2
1,1,1,1,0,-0.7208036231838733,0.3307619274282117,0.28478133995902605,-2.933924700315161,0.0,0
1,1,3,0,0,0.904557293921743,-0.9332745859152131,-0.20026748288040186,0.36025597990117436,1.0,1
0,0,0,0,1,-0.8428253210823813,-0.9332745859152131,-0.4614476182554785,0.36025597990117436,1.0,2
1,1,2,0,0,-0.5453475869899402,0.644242982737381,0.9936988502628054,0.36025597990117436,0.0,1
1,1,3,1,0,-0.3682964959215168,-0.9332745859152131,0.28478133995902605,0.36025597990117436,1.0,0
1,1,0,0,0,-1.175394262413609,1.721202092105979,0.8444530586199045,0.36025597990117436,1.0,1
1,1,1,1,0,-1.2750851920692527,1.1195207117545087,0.9563874023520801,0.36025597990117436,1.0,0
1,0,2,0,0,-0.0078140942867089,-0.9332745859152131,-0.9464964410949064,0.36025597990117436,0.0,0
1,0,0,0,0,-0.8946646045033161,-0.9332745859152131,-1.1330536806485325,0.36025597990117436,1.0,2
1,0,0,1,0,-0.6841173610705964,1.4136198738590788,-0.3495132745233028,0.36025597990117436,1.0,1
1,0,0,1,0,0.10702985667659275,-0.9332745859152131,0.1728469962268504,0.36025597990117436,1.0,0
1,1,0,0,0,0.032062277575548616,0.8844099202726318,0.5086500274233774,0.36025597990117436,0.0,0
0,1,1,0,0,-0.18406765791788712,-0.16389769479351518,-0.013710243326775737,-2.933924700315161,1.0,1
1,1,0,1,0,-0.7630725773578663,0.499300129207335,0.060912652494674716,0.36025597990117436,1.0,0
1,1,0,0,0,0.8519204830635632,1.4742936264995634,0.21015844413757562,-2.933924700315161,1.0,2
1,1,1,0,1,-0.5278019833705468,-0.9332745859152131,-0.386824722434028,0.36025597990117436,1.0,1
0,0,0,0,0,-1.3923217253442899,2.1703563998473427,0.28478133995902605,0.36025597990117436,1.0,0
0,0,0,0,0,-0.3172547399378272,-0.9332745859152131,-0.20026748288040186,0.36025597990117436,1.0,1
1,1,1,1,0,0.3933422066476017,2.1703563998473427,1.2175675377271566,0.36025597990117436,1.0,0
1,1,0,1,0,0.20512573145774624,0.3164361802769862,0.6952072669770035,-0.7378042468376043,1.0,1
1,0,0,0,0,0.02089689345411651,-0.9332745859152131,-0.3495132745233028,0.36025597990117436,1.0,2
1,0,0,1,0,0.032859805012793765,0.15126874253344538,-0.20026748288040186,0.36025597990117436,1.0,0
1,1,2,0,0,-0.2183613377194286,0.7816016171873665,1.441436225191508,0.36025597990117436,1.0,2
1,1,0,0,0,-1.1379104728630869,2.1703563998473427,-1.3196109202021586,-2.933924700315161,1.0,1
1,1,3,0,0,-0.07241381670356607,1.9554701925789604,1.441436225191508,0.36025597990117436,1.0,0
0,1,2,0,0,-1.2168656891503569,0.44199714060243306,0.28478133995902605,0.36025597990117436,1.0,1
1,1,0,1,0,-0.385044572103665,0.5835692300968967,0.6578958190662784,0.36025597990117436,0.0,1
0,0,0,1,0,-0.12505062756174598,-0.9332745859152131,-0.386824722434028,0.36025597990117436,1.0,0
1,1,2,1,0,-1.0884637717538876,0.5346931515809509,-2.215085670059564,0.36025597990117436,1.0,1
1,0,0,0,0,-0.8428253210823813,-0.9332745859152131,-1.879282638863037,0.36025597990117436,1.0,1
1,1,3,0,1,1.6909193470454613,0.26671741075214483,-0.20026748288040186,0.36025597990117436,1.0,0
1,1,0,0,0,0.17402216140518537,-0.9332745859152131,0.1728469962268504,0.36025597990117436,1.0,1
1,0,1,1,0,-0.7000679098154994,0.16390910766687963,-0.4241361703447532,0.36025597990117436,1.0,1
1,0,0,1,0,2.433417391120696,-0.9332745859152131,0.9190759544413549,0.36025597990117436,1.0,1
1,1,3,0,0,0.5775710446512314,-0.9332745859152131,-0.20026748288040186,0.36025597990117436,1.0,2
1,0,2,0,0,0.024884530640342264,-0.9332745859152131,0.1728469962268504,0.36025597990117436,0.0,0
1,0,0,1,0,-0.8029489492201237,0.7875004542496359,0.769830162798454,0.36025597990117436,1.0,0
1,0,2,0,0,0.04801282632045162,-0.9332745859152131,0.060912652494674716,0.36025597990117436,1.0,1
1,1,0,1,0,-0.5102563797511536,-0.4815922051471626,-1.4688567118450595,0.36025597990117436,1.0,0
0,1,1,0,0,0.8383625166303955,1.4641813343928158,1.2921904335486072,-2.933924700315161,1.0,1
0,0,0,0,0,-1.1315302533651257,-0.9332745859152131,-0.2375789307911271,0.36025597990117436,0.0,1
0,0,1,0,0,0.07592628662403188,-0.9332745859152131,-0.386824722434028,0.36025597990117436,1.0,1
1,1,1,1,0,-1.0509799822033654,1.1936775205373231,0.8444530586199045,0.36025597990117436,1.0,2
0,1,0,1,0,-0.43050363602663855,-0.3745704470174193,-0.12564458705895143,0.36025597990117436,1.0,1
1,0,0,1,0,-0.1585467799260423,-0.9332745859152131,-0.9464964410949064,-2.933924700315161,1.0,1
1,0,0,0,0,-0.8220896077140074,0.5692434829456712,1.441436225191508,0.36025597990117436,1.0,0
0,0,0,0,0,1.1509932720304945,-0.9332745859152131,-0.08833313914822619,0.36025597990117436,0.0,1
1,1,0,0,0,-0.6155300014675135,0.7655904880183498,0.1728469962268504,0.36025597990117436,1.0,0
1,1,0,0,0,0.028872167826568013,2.1703563998473427,0.9936988502628054,-2.933924700315161,0.0,0
1,1,1,0,0,1.524236112661225,-0.06361746473493682,-2.215085670059564,0.36025597990117436,1.0,1
0,0,0,0,0,-0.7096382390624412,0.43609830354016377,-0.7972506494520055,0.36025597990117436,1.0,2
1,1,2,1,0,0.09426941768067033,-0.7293433617624738,0.09822410040539994,0.36025597990117436,1.0,1
1,0,0,1,1,1.7890152218266147,-0.9332745859152131,0.9936988502628054,0.36025597990117436,1.0,1
1,1,0,1,0,0.7259111479788294,-0.9332745859152131,0.5459614753341027,0.36025597990117436,1.0,0
1,0,0,0,0,-0.17848496585717105,-0.9332745859152131,-1.3196109202021586,0.36025597990117436,1.0,2
1,1,3,0,0,-0.12505062756174598,1.1734529363238282,0.6578958190662784,0.36025597990117436,0.0,0
0,0,0,0,0,-0.9401236684262896,-0.9332745859152131,-2.215085670059564,0.36025597990117436,1.0,2
1,1,0,0,0,-0.31167204787711117,0.8060396564453394,-0.051021691237500964,0.36025597990117436,0.0,2
1,1,3,0,0,2.2723168487971757,-0.9332745859152131,1.441436225191508,0.36025597990117436,1.0,1
1,1,2,0,0,-0.3172547399378272,-0.5447940308143339,0.09822410040539994,-2.933924700315161,1.0,2
1,1,0,0,0,-0.37467671541947806,0.9290725437440994,1.1429446419057063,0.36025597990117436,0.0,1
1,0,0,0,0,-0.2614278193306667,1.3748560874498805,0.1728469962268504,0.36025597990117436,1.0,2
1,1,1,0,0,-1.3923217253442899,0.947611745939803,0.060912652494674716,0.36025597990117436,1.0,0
1,0,0,0,0,-1.3723835394131612,2.1703563998473427,-0.5733819619876541,0.36025597990117436,1.0,2
0,1,0,0,0,-0.31167204787711117,-0.9332745859152131,-2.215085670059564,0.36025597990117436,1.0,1
1,1,1,0,0,-1.3372923321743744,-0.9332745859152131,-1.6554139513986856,0.36025597990117436,1.0,0
1,1,1,0,0,-0.6139349465930232,0.6821640781376838,1.441436225191508,0.36025597990117436,0.0,0
1,1,0,0,0,-1.0047233908431468,0.3493011296239153,-0.051021691237500964,0.36025597990117436,1.0,2
0,0,0,1,0,-1.1099970125595067,-0.9332745859152131,-1.3196109202021586,0.36025597990117436,1.0,1
1,0,0,0,0,0.9516114127192069,-0.9332745859152131,-0.4241361703447532,0.36025597990117436,1.0,1
1,1,2,0,1,-0.6625841202649773,-0.9332745859152131,0.02360120458394949,0.36025597990117436,0.0,1
1,1,0,0,0,-0.44406160245980614,1.945357900472213,-1.8419711909523118,-2.933924700315161,1.0,1
1,1,0,0,0,0.241014466133778,1.8476057434403215,1.3668133293700577,-2.933924700315161,1.0,0
1,0,0,1,0,0.2202787527654041,-0.9332745859152131,0.1728469962268504,0.36025597990117436,1.0,0
1,0,0,0,0,-0.4544294591439931,-0.9332745859152131,-0.6480048578091046,0.36025597990117436,0.0,1
1,1,3,0,0,1.7116550604138352,-0.9332745859152131,0.8444530586199045,0.36025597990117436,1.0,2
1,1,0,0,0,-0.2590352370189312,0.7099728814312392,0.09822410040539994,0.36025597990117436,1.0,0
0,0,0,0,0,-0.5238143461843211,-0.9332745859152131,-1.2822994722914334,0.36025597990117436,1.0,0
1,1,3,0,0,0.4380037431333301,-0.9332745859152131,-2.215085670059564,-2.933924700315161,1.0,0
0,0,0,0,1,0.8184243306992668,-0.9332745859152131,1.0310102981735305,0.36025597990117436,0.0,1
